{
    "Slytherin": {
        "feature": "Divination",
        "mean": 3.153909673286355,
        "std": 4.155300897977581,
        "theta0": -2.143355667542444,
        "theta1": -2.4628342876124703
    },
    "Ravenclaz": {
        "feature": "Charms",
        "mean": -243.3744090125,
        "std": 8.783639876017117,
        "theta0": -3.334739654315796,
        "theta1": 8.100090422621245e-16
    },
    "Gryffindor": {
        "feature": "Transfiguration",
        "mean": 1030.0969463871306,
        "std": 44.12511586678024,
        "theta0": -2.031749210058307,
        "theta1": -2.5382074398689345
    }
}