{
    "features": {
        "Divination": {
            "mean": 3.2138305355715433,
            "std": 4.11099156643003
        },
        "Muggle Studies": {
            "mean": -222.90366613760273,
            "std": 484.9858499871736
        },
        "History of Magic": {
            "mean": 2.9785934977751416,
            "std": 4.456963019230991
        }
    },
    "thetas": {
        "Gryffindor": [
            1.2446142840154046,
            0.2685952545194901,
            -4.496068392387444,
            -3.8647520265614017
        ],
        "Hufflepuff": [
            3.674520853672773,
            -4.216198868912773,
            3.3133340430392435,
            -1.9061303341139764
        ],
        "Ravenclaw": [
            -0.1869859795453299,
            4.883510263424953,
            0.2973112671011976,
            -3.1487239944174203
        ],
        "Slytherin": [
            -4.34412372243087,
            -0.4557991293455919,
            1.04365088909432,
            -4.385643277819789
        ]
    }
}