{"Ravenclaw": [-4.0421498130600995, 3.69340514358802, -3.6899068403625357], "Gryffindor": [3.600558027496579, -3.57590459206643, -4.571718885204733], "Slytherin": [-3.6029793206035534, -3.37292395823228, -5.104144109204702], "Hufflepuff": [4.26793086420034, 4.1205465338747995, -3.2859227703049227]}