{
    "features": {
        "Astronomy": {
            "mean": 46.47644878930413,
            "std": 520.9460932523798
        },
        "Herbology": {
            "mean": 1.1894574337480681,
            "std": 5.223136991041962
        },
        "Divination": {
            "mean": 3.2138305355715433,
            "std": 4.11099156643003
        },
        "Muggle Studies": {
            "mean": -222.90366613760273,
            "std": 484.9858499871736
        },
        "History of Magic": {
            "mean": 2.9785934977751416,
            "std": 4.456963019230991
        },
        "Transfiguration": {
            "mean": 1029.8628682296342,
            "std": 43.98287726699841
        },
        "Charms": {
            "mean": -243.32572261390885,
            "std": 8.790405470124078
        },
        "Flying": {
            "mean": 23.10900879296563,
            "std": 97.75501681068201
        }
    },
    "thetas": {
        "Gryffindor": [
            1.6181429533316956,
            -8.554052433696983,
            9.336247809486904,
            -1.8525789378073632,
            0.4059944214250271,
            0.2005933166796591,
            4.015182292410214,
            7.998797515510105,
            -10.253978397219212
        ],
        "Hufflepuff": [
            5.658349200183444,
            8.108720388011621,
            0.029242240315816004,
            -2.0952528319120467,
            2.798709716428027,
            0.9909161469847253,
            -2.754148180293212,
            -8.66315855165267,
            -14.813467556974084
        ],
        "Ravenclaw": [
            -5.928657989005686,
            4.3311068909479244,
            -0.8288358868860611,
            3.824615545844621,
            -2.481932275156357,
            -3.5285809206741057,
            3.8021922242269692,
            -2.939672725977023,
            -6.7385846492160635
        ],
        "Slytherin": [
            -1.3807240802071885,
            -6.5599200463555585,
            -13.881424236724595,
            -10.213439731337955,
            4.4082666805452595,
            19.767530411716475,
            0.7837561917698147,
            10.211478896678635,
            -17.444013541270806
        ]
    }
}