{
    "features": {
        "Divination": {
            "mean": 3.145421548821548,
            "std": 4.177057398558953
        },
        "Muggle Studies": {
            "mean": -223.81940771816807,
            "std": 486.5913725533378
        },
        "History of Magic": {
            "mean": 2.9896116223204157,
            "std": 4.410098770644038
        }
    },
    "thetas": {
        "Gryffindor": [
            1.561127035453841,
            1.0231047736648726,
            -4.5129281145816025,
            -5.440095368633484
        ],
        "Hufflepuff": [
            5.981382008139608,
            -6.766292711297275,
            4.987468549496894,
            -4.850700041680349
        ],
        "Ravenclaw": [
            0.20486942005597156,
            6.37756210716186,
            1.2706122177405597,
            -3.889924132541088
        ],
        "Slytherin": [
            -6.763155522057007,
            -1.8380145347633876,
            1.0925960833683643,
            -4.4257935019440096
        ]
    }
}