{
    "features": {
        "Divination": {
            "mean": 3.2138305355715433,
            "std": 4.11099156643003
        },
        "Muggle Studies": {
            "mean": -222.90366613760273,
            "std": 484.9858499871736
        },
        "History of Magic": {
            "mean": 2.9785934977751416,
            "std": 4.456963019230991
        }
    },
    "thetas": {
        "Gryffindor": [
            1.244614284015404,
            0.26859525451948996,
            -4.496068392387442,
            -3.864752026561401
        ],
        "Hufflepuff": [
            3.674520853672773,
            -4.216198868912773,
            3.3133340430392435,
            -1.9061303341139764
        ],
        "Ravenclaw": [
            -0.18698597954532986,
            4.883510263424953,
            0.2973112671011978,
            -3.148723994417421
        ],
        "Slytherin": [
            -4.3441237224308695,
            -0.4557991293455918,
            1.0436508890943201,
            -4.385643277819789
        ]
    }
}