{
    "Gryffindor": [
        0.44368183716856324,
        0.16287425887450735,
        -3.920348046841921,
        -0.005110555391277171,
        -0.350890110247456,
        -3.301748996329313
    ],
    "Hufflepuff": [
        4.094141345433286,
        -1.3984811467032154,
        3.4686229229305505,
        -0.9314060554235152,
        1.2231687641168367,
        -2.1653923594804017
    ],
    "Ravenclaw": [
        -1.039843567101925,
        2.073756381341485,
        -0.22722641081797795,
        -0.310453272510735,
        1.857578104235437,
        -2.5538491945275554
    ],
    "Slytherin": [
        -3.2314713351717597,
        -1.0892856817586707,
        0.8934585457155422,
        1.4518750636912698,
        -2.7474889311539252,
        -3.8618338195451436
    ]
}