{
    "features": {
        "Astronomy": {
            "mean": 46.47644878930413,
            "std": 520.9460932523798
        },
        "Herbology": {
            "mean": 1.1894574337480681,
            "std": 5.223136991041962
        },
        "Divination": {
            "mean": 3.2138305355715433,
            "std": 4.11099156643003
        },
        "Transfiguration": {
            "mean": 1029.8628682296342,
            "std": 43.98287726699841
        },
        "Charms": {
            "mean": -243.32572261390885,
            "std": 8.790405470124078
        }
    },
    "thetas": {
        "Gryffindor": [
            0.07557577658608575,
            -1.4802298648683703,
            1.8180043257579073,
            -2.830216786103556,
            -0.161863539980994,
            -3.195840497805305
        ],
        "Hufflepuff": [
            3.4064278310752396,
            2.679531474490549,
            -0.13656950477135715,
            2.5930205116073886,
            -1.8234887478778883,
            -2.431020137720693
        ],
        "Ravenclaw": [
            -2.181691164162539,
            0.3406588245947796,
            1.00488974917313,
            -0.7738802713541363,
            2.6896469392470954,
            -2.7647139123565267
        ],
        "Slytherin": [
            -0.972089309083409,
            -0.9679427557208538,
            -2.490114114304929,
            1.5998318010762704,
            -0.876096424491117,
            -3.687609462025906
        ]
    }
}