{
    "Ravenclaw": [
        -1.4692877524339416,
        0.26303409302171243,
        0.42991180977631716,
        1.9686775878628902,
        -0.2986342327458362,
        -0.1444379121250753,
        1.3256724770624342,
        -2.529305027446305
    ],
    "Gryffindor": [
        0.18310528227788062,
        -1.6367010937473643,
        1.7359313320454324,
        0.13282748180769707,
        -2.667440331211532,
        -0.12353961051698181,
        -0.1422040875868427,
        -3.168414361272397
    ],
    "Slytherin": [
        -1.1337687705692143,
        -0.6736516422183482,
        -2.165263408937698,
        -0.7860849425940661,
        1.1338397386381116,
        0.8131803612571783,
        -0.6193274382486835,
        -3.819085525378858
    ],
    "Hufflepuff": [
        2.839188166759269,
        2.545878692532121,
        -0.069392578409351,
        -1.4973190115392907,
        2.2987924590103432,
        -0.33419281372126375,
        -0.524243094933266,
        -2.405812008783538
    ]
}