{
    "features": {
        "Astronomy": {
            "mean": 46.47644878930413,
            "std": 520.9460932523798
        },
        "Herbology": {
            "mean": 1.1894574337480681,
            "std": 5.223136991041962
        },
        "Divination": {
            "mean": 3.2138305355715433,
            "std": 4.11099156643003
        },
        "Muggle Studies": {
            "mean": -222.90366613760273,
            "std": 484.9858499871736
        },
        "Transfiguration": {
            "mean": 1029.8628682296342,
            "std": 43.98287726699841
        },
        "Potions": {
            "mean": 5.961275574309777,
            "std": 3.102918120828654
        },
        "Charms": {
            "mean": -243.32572261390885,
            "std": 8.790405470124078
        },
        "Flying": {
            "mean": 23.10900879296563,
            "std": 97.75501681068201
        }
    },
    "thetas": {
        "Gryffindor": [
            -0.0012172885540472779,
            -1.4161938126796376,
            1.2474603026978774,
            0.12232478504643017,
            -1.4628109386994654,
            -0.0006404699556070413,
            -0.10771550495987849,
            1.8129792534465865,
            -3.087892802474256
        ],
        "Hufflepuff": [
            2.851096059925408,
            2.3076475511173506,
            0.2373152427732484,
            -1.4225253107326985,
            0.9967489352175392,
            -0.35342501029909884,
            -0.5493363898490832,
            -1.674514481915666,
            -2.2726172569689163
        ],
        "Ravenclaw": [
            -1.4862875254550136,
            0.2828131439208461,
            0.3918871658201695,
            1.946659429905654,
            -0.1981485853261989,
            -0.14472031126485252,
            1.3196005357856304,
            0.15488639622738218,
            -2.515503558299834
        ],
        "Slytherin": [
            -1.0586578869478804,
            -0.7202623162129984,
            -2.020956179043637,
            -0.7193846209958309,
            0.7330093000508552,
            0.7940121019194339,
            -0.6011964327680753,
            -0.5737023250488679,
            -3.8029375188669525
        ]
    }
}