{"Ravenclaw": [-0.682504394969351, -0.7251495461255534, 4.897568568911182, -2.8536128359473927], "Gryffindor": [1.55680468416272, -3.5095051790240936, -0.9579011760727237, -3.4251195819085463], "Slytherin": [-3.8700383531515676, 1.172020454863486, -0.3139022830612688, -3.7774273487645464], "Hufflepuff": [3.7125182615305046, 4.245740912161728, -4.2430841195961655, -1.3034784043622056]}