{
    "Transfiguration_scale": {
        "mean": 1030.0969463871306,
        "std": 44.12511586678024
    }
}